{
  "SchedulerType": "schedulerTypeHydra",
  "TotalRunningTime": "1192392885500",
  "TotalJobNum": 50,
  "DDLViolationJobNums": 14,
  "TotalViolationTime": 1192392885500,
  "AcceleratorUsingInfos": {
    "inst-1-replica-0-cpusocket-0-acc-0": [
      {
        "JobID": "6103c3f5b9cba56317e22e9b",
        "TaskID": "6103c3f5b9cba56317e22e9b",
        "startTime": 1650371601650517400,
        "EndTime": 1650371609359019500,
        "duration": 7708502100,
        "DDLViolated": true
      },
      {
        "JobID": "83d58b667f5fe071cd2c6c43",
        "TaskID": "83d58b667f5fe071cd2c6c43",
        "startTime": 1650371609967473600,
        "EndTime": 1650371618607753000,
        "duration": 8640279400,
        "DDLViolated": false
      },
      {
        "JobID": "a2eb1050f6cbb6ac041a07d5",
        "TaskID": "a2eb1050f6cbb6ac041a07d5",
        "startTime": 1650371619252118400,
        "EndTime": 1650371649318931000,
        "duration": 30066812600,
        "DDLViolated": false
      },
      {
        "JobID": "af7db60c9394f83832699e5a",
        "TaskID": "af7db60c9394f83832699e5a",
        "startTime": 1650371650145717400,
        "EndTime": 1650371688416438900,
        "duration": 38270721500,
        "DDLViolated": true
      },
      {
        "JobID": "e6fbc0b25267595b15fd9ce0",
        "TaskID": "e6fbc0b25267595b15fd9ce0",
        "startTime": 1650371689127688200,
        "EndTime": 1650371699937732000,
        "duration": 10810043800,
        "DDLViolated": false
      },
      {
        "JobID": "6d942b15622d001d9edacb8e",
        "TaskID": "6d942b15622d001d9edacb8e",
        "startTime": 1650371700610313900,
        "EndTime": 1650371718169486400,
        "duration": 17559172500,
        "DDLViolated": false
      },
      {
        "JobID": "6ac3373981df75c945f071d8",
        "TaskID": "6ac3373981df75c945f071d8",
        "startTime": 1650371718508943400,
        "EndTime": 1650371736154554800,
        "duration": 17645611400,
        "DDLViolated": false
      },
      {
        "JobID": "a049f5da99868e3ee3e91835",
        "TaskID": "a049f5da99868e3ee3e91835",
        "startTime": 1650371737053624600,
        "EndTime": 1650371769369679800,
        "duration": 32316055200,
        "DDLViolated": false
      }
    ],
    "inst-1-replica-1-cpusocket-0-acc-0": [
      {
        "JobID": "75d4449ddbce70f3f0f6c372",
        "TaskID": "75d4449ddbce70f3f0f6c372",
        "startTime": 1650371601465082200,
        "EndTime": 1650371607056874600,
        "duration": 5591792400,
        "DDLViolated": true
      },
      {
        "JobID": "c0cb989683049a1f41b8d6d2",
        "TaskID": "c0cb989683049a1f41b8d6d2",
        "startTime": 1650371607901387100,
        "EndTime": 1650371619635838700,
        "duration": 11734451600,
        "DDLViolated": false
      },
      {
        "JobID": "27d29764ca70365e92cb1ccb",
        "TaskID": "27d29764ca70365e92cb1ccb",
        "startTime": 1650371620317803100,
        "EndTime": 1650371652410106100,
        "duration": 32092303000,
        "DDLViolated": false
      },
      {
        "JobID": "42005e84987617a523683f4c",
        "TaskID": "42005e84987617a523683f4c",
        "startTime": 1650371653196526000,
        "EndTime": 1650371675098763800,
        "duration": 21902237800,
        "DDLViolated": false
      },
      {
        "JobID": "c86fa3a41c9fcf9611d4f6e6",
        "TaskID": "c86fa3a41c9fcf9611d4f6e6",
        "startTime": 1650371675560522800,
        "EndTime": 1650371691486611900,
        "duration": 15926089100,
        "DDLViolated": false
      },
      {
        "JobID": "250d4489b2b142c27cd9f723",
        "TaskID": "250d4489b2b142c27cd9f723",
        "startTime": 1650371692323571800,
        "EndTime": 1650371709622920400,
        "duration": 17299348600,
        "DDLViolated": false
      },
      {
        "JobID": "08a810cdd7e103f5a30f72ab",
        "TaskID": "08a810cdd7e103f5a30f72ab",
        "startTime": 1650371710264561100,
        "EndTime": 1650371732092239300,
        "duration": 21827678200,
        "DDLViolated": false
      }
    ],
    "inst-1-replica-2-cpusocket-0-acc-0": [
      {
        "JobID": "d71111659c45b2132bc08797",
        "TaskID": "d71111659c45b2132bc08797",
        "startTime": 1650371601699981300,
        "EndTime": 1650371609675376800,
        "duration": 7975395500,
        "DDLViolated": true
      },
      {
        "JobID": "6661e092f01b74b115fd4212",
        "TaskID": "6661e092f01b74b115fd4212",
        "startTime": 1650371610007743500,
        "EndTime": 1650371626831370600,
        "duration": 16823627100,
        "DDLViolated": false
      },
      {
        "JobID": "9e66e03fb57432ff484838d3",
        "TaskID": "9e66e03fb57432ff484838d3",
        "startTime": 1650371627632404600,
        "EndTime": 1650371642072390100,
        "duration": 14439985500,
        "DDLViolated": false
      },
      {
        "JobID": "e77a35158cd6afad191ce35b",
        "TaskID": "e77a35158cd6afad191ce35b",
        "startTime": 1650371642877020400,
        "EndTime": 1650371692616497500,
        "duration": 49739477100,
        "DDLViolated": true
      },
      {
        "JobID": "3ed06aae456a3ddadf87ffdb",
        "TaskID": "3ed06aae456a3ddadf87ffdb",
        "startTime": 1650371693408963000,
        "EndTime": 1650371703240779000,
        "duration": 9831816000,
        "DDLViolated": false
      },
      {
        "JobID": "98708db96ca1a1575c6e788d",
        "TaskID": "98708db96ca1a1575c6e788d",
        "startTime": 1650371704086040500,
        "EndTime": 1650371719624611700,
        "duration": 15538571200,
        "DDLViolated": false
      },
      {
        "JobID": "5945a8f652a75895a9b2c98c",
        "TaskID": "5945a8f652a75895a9b2c98c",
        "startTime": 1650371720600686000,
        "EndTime": 1650371740284698500,
        "duration": 19684012500,
        "DDLViolated": false
      },
      {
        "JobID": "51d01202d231f9fae85bceab",
        "TaskID": "51d01202d231f9fae85bceab",
        "startTime": 1650371741206764200,
        "EndTime": 1650371793658564200,
        "duration": 52451800000,
        "DDLViolated": false
      }
    ],
    "inst-1-replica-3-cpusocket-0-acc-0": [
      {
        "JobID": "d436f8106a02a2ddb385947d",
        "TaskID": "d436f8106a02a2ddb385947d",
        "startTime": 1650371601530697200,
        "EndTime": 1650371606952305000,
        "duration": 5421607800,
        "DDLViolated": true
      },
      {
        "JobID": "0763f5964484b5acffb99e89",
        "TaskID": "0763f5964484b5acffb99e89",
        "startTime": 1650371607836883300,
        "EndTime": 1650371617454994200,
        "duration": 9618110900,
        "DDLViolated": false
      },
      {
        "JobID": "aace3b456d48182eea77a570",
        "TaskID": "aace3b456d48182eea77a570",
        "startTime": 1650371618192464400,
        "EndTime": 1650371647215419400,
        "duration": 29022955000,
        "DDLViolated": true
      },
      {
        "JobID": "10ff84e15b2c42a736f4e3e5",
        "TaskID": "10ff84e15b2c42a736f4e3e5",
        "startTime": 1650371648064085100,
        "EndTime": 1650371679166832900,
        "duration": 31102747800,
        "DDLViolated": false
      },
      {
        "JobID": "d7135d32f9e011a16ccc39ec",
        "TaskID": "d7135d32f9e011a16ccc39ec",
        "startTime": 1650371679903761600,
        "EndTime": 1650371690488718500,
        "duration": 10584956900,
        "DDLViolated": false
      },
      {
        "JobID": "b6bac06ff84c086206171e87",
        "TaskID": "b6bac06ff84c086206171e87",
        "startTime": 1650371691237417000,
        "EndTime": 1650371708461302200,
        "duration": 17223885200,
        "DDLViolated": false
      },
      {
        "JobID": "ae8f84cd2f1c5d138981a8f9",
        "TaskID": "ae8f84cd2f1c5d138981a8f9",
        "startTime": 1650371709217721100,
        "EndTime": 1650371727949677500,
        "duration": 18731956400,
        "DDLViolated": false
      },
      {
        "JobID": "dd3a0a978475dfd449bdd136",
        "TaskID": "dd3a0a978475dfd449bdd136",
        "startTime": 1650371728878312500,
        "EndTime": 1650371767294904400,
        "duration": 38416591900,
        "DDLViolated": false
      }
    ],
    "inst-2-replica-0-cpusocket-0-acc-0": [
      {
        "JobID": "f92eff9824837558a972da2c",
        "TaskID": "f92eff9824837558a972da2c",
        "startTime": 1650371601612244100,
        "EndTime": 1650371621981723700,
        "duration": 20369479600,
        "DDLViolated": true
      },
      {
        "JobID": "9a4e91d99ee6c5f0df8db2da",
        "TaskID": "9a4e91d99ee6c5f0df8db2da",
        "startTime": 1650371622536948100,
        "EndTime": 1650371675009599300,
        "duration": 52472651200,
        "DDLViolated": true
      },
      {
        "JobID": "963e14597a569879dec92537",
        "TaskID": "963e14597a569879dec92537",
        "startTime": 1650371675818010600,
        "EndTime": 1650371683292339400,
        "duration": 7474328800,
        "DDLViolated": false
      },
      {
        "JobID": "51afe47a8177fd7add97156f",
        "TaskID": "51afe47a8177fd7add97156f",
        "startTime": 1650371684033557200,
        "EndTime": 1650371698863106600,
        "duration": 14829549400,
        "DDLViolated": false
      },
      {
        "JobID": "7e4b45b7f77d08b193831669",
        "TaskID": "7e4b45b7f77d08b193831669",
        "startTime": 1650371699554853200,
        "EndTime": 1650371721851336400,
        "duration": 22296483200,
        "DDLViolated": false
      },
      {
        "JobID": "695ff54bb17951f7a9468608",
        "TaskID": "695ff54bb17951f7a9468608",
        "startTime": 1650371722742618800,
        "EndTime": 1650371751891926200,
        "duration": 29149307400,
        "DDLViolated": false
      },
      {
        "JobID": "2d91199618980980723f3d89",
        "TaskID": "2d91199618980980723f3d89",
        "startTime": 1650371752612793200,
        "EndTime": 1650371811933720800,
        "duration": 59320927600,
        "DDLViolated": false
      }
    ],
    "inst-2-replica-1-cpusocket-0-acc-0": [
      {
        "JobID": "3a3eb6b50b2a77baf5636d67",
        "TaskID": "3a3eb6b50b2a77baf5636d67",
        "startTime": 1650371601748245400,
        "EndTime": 1650371614427821200,
        "duration": 12679575800,
        "DDLViolated": true
      },
      {
        "JobID": "f6304007ef3e25fc37150d2c",
        "TaskID": "f6304007ef3e25fc37150d2c",
        "startTime": 1650371615089002300,
        "EndTime": 1650371654582992200,
        "duration": 39493989900,
        "DDLViolated": false
      },
      {
        "JobID": "abcfb3bdc06c8bc16f294e31",
        "TaskID": "abcfb3bdc06c8bc16f294e31",
        "startTime": 1650371655299785200,
        "EndTime": 1650371702174041800,
        "duration": 46874256600,
        "DDLViolated": true
      },
      {
        "JobID": "ad0c7808ff9d0d4fdb1fabae",
        "TaskID": "ad0c7808ff9d0d4fdb1fabae",
        "startTime": 1650371702731991000,
        "EndTime": 1650371719733585000,
        "duration": 17001594000,
        "DDLViolated": false
      },
      {
        "JobID": "81749c2e708fc2cd18918846",
        "TaskID": "81749c2e708fc2cd18918846",
        "startTime": 1650371720685197800,
        "EndTime": 1650371746648665300,
        "duration": 25963467500,
        "DDLViolated": false
      },
      {
        "JobID": "32a3571ab783865e2c0fe33c",
        "TaskID": "32a3571ab783865e2c0fe33c",
        "startTime": 1650371747398981100,
        "EndTime": 1650371776425101500,
        "duration": 29026120400,
        "DDLViolated": false
      }
    ],
    "inst-2-replica-2-cpusocket-0-acc-0": [
      {
        "JobID": "af891555f285b94e2dcd12a0",
        "TaskID": "af891555f285b94e2dcd12a0",
        "startTime": 1650371601567188900,
        "EndTime": 1650371620825092400,
        "duration": 19257903500,
        "DDLViolated": true
      },
      {
        "JobID": "273447ce5444db25dadb3e46",
        "TaskID": "273447ce5444db25dadb3e46",
        "startTime": 1650371621376400400,
        "EndTime": 1650371646223703700,
        "duration": 24847303300,
        "DDLViolated": true
      },
      {
        "JobID": "25eb24bd12fadeccd1880d68",
        "TaskID": "25eb24bd12fadeccd1880d68",
        "startTime": 1650371646993138500,
        "EndTime": 1650371709511107700,
        "duration": 62517969200,
        "DDLViolated": true
      },
      {
        "JobID": "8054ca5587e06275bf4e6160",
        "TaskID": "8054ca5587e06275bf4e6160",
        "startTime": 1650371710377979100,
        "EndTime": 1650371725370892300,
        "duration": 14992913200,
        "DDLViolated": false
      },
      {
        "JobID": "058a19e3095578771546d72b",
        "TaskID": "058a19e3095578771546d72b",
        "startTime": 1650371725809243800,
        "EndTime": 1650371751770777900,
        "duration": 25961534100,
        "DDLViolated": false
      },
      {
        "JobID": "d19357ab93a751e353923655",
        "TaskID": "d19357ab93a751e353923655",
        "startTime": 1650371752697977900,
        "EndTime": 1650371784562912700,
        "duration": 31864934800,
        "DDLViolated": false
      }
    ]
  }
}