{
  "SchedulerType": "schedulerTypeHydra",
  "TotalRunningTime": "104053965619",
  "TotalJobNum": 50,
  "DDLViolationJobNums": 0,
  "TotalViolationTime": 104053965619,
  "AcceleratorUsingInfos": {
    "inst-1-replica-0-cpusocket-0-acc-0": [
      {
        "JobID": "6103c3f5b9cba56317e22e9b",
        "TaskID": "6103c3f5b9cba56317e22e9b_TASK_0",
        "startTime": 1650371600482252300,
        "EndTime": 1650371600605580449,
        "duration": 123328149,
        "DDLViolated": false
      },
      {
        "JobID": "83d58b667f5fe071cd2c6c43",
        "TaskID": "83d58b667f5fe071cd2c6c43_TASK_0",
        "startTime": 1650371601715533790,
        "EndTime": 1650371602223202124,
        "duration": 507668334,
        "DDLViolated": false
      },
      {
        "JobID": "a2eb1050f6cbb6ac041a07d5",
        "TaskID": "a2eb1050f6cbb6ac041a07d5_TASK_0",
        "startTime": 1650371606792217130,
        "EndTime": 1650371609535896879,
        "duration": 2743679749,
        "DDLViolated": false
      },
      {
        "JobID": "af7db60c9394f83832699e5a",
        "TaskID": "af7db60c9394f83832699e5a_TASK_0",
        "startTime": 1650371634229014620,
        "EndTime": 1650371637778598155,
        "duration": 3549583535,
        "DDLViolated": false
      },
      {
        "JobID": "e6fbc0b25267595b15fd9ce0",
        "TaskID": "e6fbc0b25267595b15fd9ce0_TASK_0",
        "startTime": 1650371669724849970,
        "EndTime": 1650371670569518327,
        "duration": 844668357,
        "DDLViolated": false
      },
      {
        "JobID": "6d942b15622d001d9edacb8e",
        "TaskID": "6d942b15622d001d9edacb8e_TASK_0",
        "startTime": 1650371678171533540,
        "EndTime": 1650371679593845308,
        "duration": 1422311768,
        "DDLViolated": false
      },
      {
        "JobID": "6ac3373981df75c945f071d8",
        "TaskID": "6ac3373981df75c945f071d8_TASK_0",
        "startTime": 1650371692394651220,
        "EndTime": 1650371693924763013,
        "duration": 1530111793,
        "DDLViolated": false
      },
      {
        "JobID": "a049f5da99868e3ee3e91835",
        "TaskID": "a049f5da99868e3ee3e91835_TASK_0",
        "startTime": 1650371707695769150,
        "EndTime": 1650371710651398431,
        "duration": 2955629281,
        "DDLViolated": false
      }
    ],
    "inst-1-replica-1-cpusocket-0-acc-0": [
      {
        "JobID": "75d4449ddbce70f3f0f6c372",
        "TaskID": "75d4449ddbce70f3f0f6c372_TASK_0",
        "startTime": 1650371600482252300,
        "EndTime": 1650371600601153002,
        "duration": 118900702,
        "DDLViolated": false
      },
      {
        "JobID": "c0cb989683049a1f41b8d6d2",
        "TaskID": "c0cb989683049a1f41b8d6d2_TASK_0",
        "startTime": 1650371601909060724,
        "EndTime": 1650371602709454480,
        "duration": 800393756,
        "DDLViolated": false
      },
      {
        "JobID": "27d29764ca70365e92cb1ccb",
        "TaskID": "27d29764ca70365e92cb1ccb_TASK_0",
        "startTime": 1650371609912998284,
        "EndTime": 1650371612837255718,
        "duration": 2924257434,
        "DDLViolated": false
      },
      {
        "JobID": "42005e84987617a523683f4c",
        "TaskID": "42005e84987617a523683f4c_TASK_0",
        "startTime": 1650371639155572624,
        "EndTime": 1650371641065883850,
        "duration": 1910311226,
        "DDLViolated": false
      },
      {
        "JobID": "c86fa3a41c9fcf9611d4f6e6",
        "TaskID": "c86fa3a41c9fcf9611d4f6e6_TASK_0",
        "startTime": 1650371658258684884,
        "EndTime": 1650371659608499021,
        "duration": 1349814137,
        "DDLViolated": false
      },
      {
        "JobID": "250d4489b2b142c27cd9f723",
        "TaskID": "250d4489b2b142c27cd9f723_TASK_0",
        "startTime": 1650371671756826254,
        "EndTime": 1650371673243871076,
        "duration": 1487044822,
        "DDLViolated": false
      },
      {
        "JobID": "08a810cdd7e103f5a30f72ab",
        "TaskID": "08a810cdd7e103f5a30f72ab_TASK_0",
        "startTime": 1650371686627274474,
        "EndTime": 1650371688552764351,
        "duration": 1925489877,
        "DDLViolated": false
      }
    ],
    "inst-1-replica-2-cpusocket-0-acc-0": [
      {
        "JobID": "d71111659c45b2132bc08797",
        "TaskID": "d71111659c45b2132bc08797_TASK_0",
        "startTime": 1650371600482252300,
        "EndTime": 1650371600603717373,
        "duration": 121465073,
        "DDLViolated": false
      },
      {
        "JobID": "6661e092f01b74b115fd4212",
        "TaskID": "6661e092f01b74b115fd4212_TASK_0",
        "startTime": 1650371601818368103,
        "EndTime": 1650371603182278399,
        "duration": 1363910296,
        "DDLViolated": false
      },
      {
        "JobID": "9e66e03fb57432ff484838d3",
        "TaskID": "9e66e03fb57432ff484838d3_TASK_0",
        "startTime": 1650371615457471063,
        "EndTime": 1650371616697898960,
        "duration": 1240427897,
        "DDLViolated": false
      },
      {
        "JobID": "e77a35158cd6afad191ce35b",
        "TaskID": "e77a35158cd6afad191ce35b_TASK_0",
        "startTime": 1650371627861750033,
        "EndTime": 1650371632581766265,
        "duration": 4720016232,
        "DDLViolated": false
      },
      {
        "JobID": "3ed06aae456a3ddadf87ffdb",
        "TaskID": "3ed06aae456a3ddadf87ffdb_TASK_0",
        "startTime": 1650371675061912353,
        "EndTime": 1650371675770142079,
        "duration": 708229726,
        "DDLViolated": false
      },
      {
        "JobID": "98708db96ca1a1575c6e788d",
        "TaskID": "98708db96ca1a1575c6e788d_TASK_0",
        "startTime": 1650371682144209613,
        "EndTime": 1650371683426344941,
        "duration": 1282135328,
        "DDLViolated": false
      },
      {
        "JobID": "5945a8f652a75895a9b2c98c",
        "TaskID": "5945a8f652a75895a9b2c98c_TASK_0",
        "startTime": 1650371694965562893,
        "EndTime": 1650371696683811100,
        "duration": 1718248207,
        "DDLViolated": false
      },
      {
        "JobID": "51d01202d231f9fae85bceab",
        "TaskID": "51d01202d231f9fae85bceab_TASK_0",
        "startTime": 1650371712148044963,
        "EndTime": 1650371717158876950,
        "duration": 5010831987,
        "DDLViolated": false
      }
    ],
    "inst-1-replica-3-cpusocket-0-acc-0": [
      {
        "JobID": "d436f8106a02a2ddb385947d",
        "TaskID": "d436f8106a02a2ddb385947d_TASK_0",
        "startTime": 1650371600482252300,
        "EndTime": 1650371600614245184,
        "duration": 131992884,
        "DDLViolated": false
      },
      {
        "JobID": "0763f5964484b5acffb99e89",
        "TaskID": "0763f5964484b5acffb99e89_TASK_0",
        "startTime": 1650371601802181140,
        "EndTime": 1650371602445194834,
        "duration": 643013694,
        "DDLViolated": false
      },
      {
        "JobID": "aace3b456d48182eea77a570",
        "TaskID": "aace3b456d48182eea77a570_TASK_0",
        "startTime": 1650371608232318080,
        "EndTime": 1650371610888130876,
        "duration": 2655812796,
        "DDLViolated": false
      },
      {
        "JobID": "10ff84e15b2c42a736f4e3e5",
        "TaskID": "10ff84e15b2c42a736f4e3e5_TASK_0",
        "startTime": 1650371634790446040,
        "EndTime": 1650371637645107337,
        "duration": 2854661297,
        "DDLViolated": false
      },
      {
        "JobID": "d7135d32f9e011a16ccc39ec",
        "TaskID": "d7135d32f9e011a16ccc39ec_TASK_0",
        "startTime": 1650371663337059010,
        "EndTime": 1650371664182519544,
        "duration": 845460534,
        "DDLViolated": false
      },
      {
        "JobID": "b6bac06ff84c086206171e87",
        "TaskID": "b6bac06ff84c086206171e87_TASK_0",
        "startTime": 1650371671791664350,
        "EndTime": 1650371673275458423,
        "duration": 1483794073,
        "DDLViolated": false
      },
      {
        "JobID": "ae8f84cd2f1c5d138981a8f9",
        "TaskID": "ae8f84cd2f1c5d138981a8f9_TASK_0",
        "startTime": 1650371686629605080,
        "EndTime": 1650371688205947439,
        "duration": 1576342359,
        "DDLViolated": false
      },
      {
        "JobID": "dd3a0a978475dfd449bdd136",
        "TaskID": "dd3a0a978475dfd449bdd136_TASK_0",
        "startTime": 1650371702393028670,
        "EndTime": 1650371706018559804,
        "duration": 3625531134,
        "DDLViolated": false
      }
    ],
    "inst-2-replica-0-cpusocket-0-acc-0": [
      {
        "JobID": "f92eff9824837558a972da2c",
        "TaskID": "f92eff9824837558a972da2c_TASK_0",
        "startTime": 1650371600482252300,
        "EndTime": 1650371601961774684,
        "duration": 1479522384,
        "DDLViolated": false
      },
      {
        "JobID": "9a4e91d99ee6c5f0df8db2da",
        "TaskID": "9a4e91d99ee6c5f0df8db2da_TASK_0",
        "startTime": 1650371615277476140,
        "EndTime": 1650371620311582062,
        "duration": 5034105922,
        "DDLViolated": false
      },
      {
        "JobID": "963e14597a569879dec92537",
        "TaskID": "963e14597a569879dec92537_TASK_0",
        "startTime": 1650371665618535360,
        "EndTime": 1650371666107379431,
        "duration": 488844071,
        "DDLViolated": false
      },
      {
        "JobID": "51afe47a8177fd7add97156f",
        "TaskID": "51afe47a8177fd7add97156f_TASK_0",
        "startTime": 1650371670506976070,
        "EndTime": 1650371671774755314,
        "duration": 1267779244,
        "DDLViolated": false
      },
      {
        "JobID": "7e4b45b7f77d08b193831669",
        "TaskID": "7e4b45b7f77d08b193831669_TASK_0",
        "startTime": 1650371683184768510,
        "EndTime": 1650371685175177863,
        "duration": 1990409353,
        "DDLViolated": false
      },
      {
        "JobID": "695ff54bb17951f7a9468608",
        "TaskID": "695ff54bb17951f7a9468608_TASK_0",
        "startTime": 1650371703088862040,
        "EndTime": 1650371705738833531,
        "duration": 2649971491,
        "DDLViolated": false
      },
      {
        "JobID": "2d91199618980980723f3d89",
        "TaskID": "2d91199618980980723f3d89_TASK_0",
        "startTime": 1650371729588576950,
        "EndTime": 1650371735286854649,
        "duration": 5698277699,
        "DDLViolated": false
      }
    ],
    "inst-2-replica-1-cpusocket-0-acc-0": [
      {
        "JobID": "3a3eb6b50b2a77baf5636d67",
        "TaskID": "3a3eb6b50b2a77baf5636d67_TASK_0",
        "startTime": 1650371600482252300,
        "EndTime": 1650371601207596034,
        "duration": 725343734,
        "DDLViolated": false
      },
      {
        "JobID": "f6304007ef3e25fc37150d2c",
        "TaskID": "f6304007ef3e25fc37150d2c_TASK_0",
        "startTime": 1650371607735689640,
        "EndTime": 1650371611422004589,
        "duration": 3686314949,
        "DDLViolated": false
      },
      {
        "JobID": "abcfb3bdc06c8bc16f294e31",
        "TaskID": "abcfb3bdc06c8bc16f294e31_TASK_0",
        "startTime": 1650371644598839130,
        "EndTime": 1650371649033266087,
        "duration": 4434426957,
        "DDLViolated": false
      },
      {
        "JobID": "ad0c7808ff9d0d4fdb1fabae",
        "TaskID": "ad0c7808ff9d0d4fdb1fabae_TASK_0",
        "startTime": 1650371688943108700,
        "EndTime": 1650371690385923256,
        "duration": 1442814556,
        "DDLViolated": false
      },
      {
        "JobID": "81749c2e708fc2cd18918846",
        "TaskID": "81749c2e708fc2cd18918846_TASK_0",
        "startTime": 1650371703371254260,
        "EndTime": 1650371705605681794,
        "duration": 2234427534,
        "DDLViolated": false
      },
      {
        "JobID": "32a3571ab783865e2c0fe33c",
        "TaskID": "32a3571ab783865e2c0fe33c_TASK_0",
        "startTime": 1650371725715529600,
        "EndTime": 1650371728426398922,
        "duration": 2710869322,
        "DDLViolated": false
      }
    ],
    "inst-2-replica-2-cpusocket-0-acc-0": [
      {
        "JobID": "af891555f285b94e2dcd12a0",
        "TaskID": "af891555f285b94e2dcd12a0_TASK_0",
        "startTime": 1650371600482252300,
        "EndTime": 1650371601879431518,
        "duration": 1397179218,
        "DDLViolated": false
      },
      {
        "JobID": "273447ce5444db25dadb3e46",
        "TaskID": "273447ce5444db25dadb3e46_TASK_0",
        "startTime": 1650371614454044480,
        "EndTime": 1650371616625505730,
        "duration": 2171461250,
        "DDLViolated": false
      },
      {
        "JobID": "25eb24bd12fadeccd1880d68",
        "TaskID": "25eb24bd12fadeccd1880d68_TASK_0",
        "startTime": 1650371636168656980,
        "EndTime": 1650371642155425553,
        "duration": 5986768573,
        "DDLViolated": false
      },
      {
        "JobID": "8054ca5587e06275bf4e6160",
        "TaskID": "8054ca5587e06275bf4e6160_TASK_0",
        "startTime": 1650371696036342710,
        "EndTime": 1650371697191970451,
        "duration": 1155627741,
        "DDLViolated": false
      },
      {
        "JobID": "058a19e3095578771546d72b",
        "TaskID": "058a19e3095578771546d72b_TASK_0",
        "startTime": 1650371707592620120,
        "EndTime": 1650371709953490917,
        "duration": 2360870797,
        "DDLViolated": false
      },
      {
        "JobID": "d19357ab93a751e353923655",
        "TaskID": "d19357ab93a751e353923655_TASK_0",
        "startTime": 1650371731201328090,
        "EndTime": 1650371734165212477,
        "duration": 2963884387,
        "DDLViolated": false
      }
    ]
  }
}