{
  "SchedulerType": "schedulerTypeEDFFast",
  "TotalRunningTime": "106351096456",
  "TotalJobNum": 50,
  "DDLViolationJobNums": 0,
  "TotalViolationTime": 106351096456,
  "AcceleratorUsingInfos": {
    "inst-1-replica-0-cpusocket-0-acc-0": [
      {
        "JobID": "d436f8106a02a2ddb385947d",
        "TaskID": "d436f8106a02a2ddb385947d_TASK_0",
        "startTime": 1650371364046741100,
        "EndTime": 1650371364178733984,
        "duration": 131992884,
        "DDLViolated": false
      },
      {
        "JobID": "9e66e03fb57432ff484838d3",
        "TaskID": "9e66e03fb57432ff484838d3_TASK_0",
        "startTime": 1650371365366669940,
        "EndTime": 1650371366607097837,
        "duration": 1240427897,
        "DDLViolated": false
      },
      {
        "JobID": "27d29764ca70365e92cb1ccb",
        "TaskID": "27d29764ca70365e92cb1ccb_TASK_0",
        "startTime": 1650371377770948910,
        "EndTime": 1650371380695206344,
        "duration": 2924257434,
        "DDLViolated": false
      },
      {
        "JobID": "42005e84987617a523683f4c",
        "TaskID": "42005e84987617a523683f4c_TASK_0",
        "startTime": 1650371407013523250,
        "EndTime": 1650371408923834476,
        "duration": 1910311226,
        "DDLViolated": false
      },
      {
        "JobID": "ad0c7808ff9d0d4fdb1fabae",
        "TaskID": "ad0c7808ff9d0d4fdb1fabae_TASK_0",
        "startTime": 1650371426116635510,
        "EndTime": 1650371427061304259,
        "duration": 944668749,
        "DDLViolated": false
      },
      {
        "JobID": "51afe47a8177fd7add97156f",
        "TaskID": "51afe47a8177fd7add97156f_TASK_0",
        "startTime": 1650371435563323000,
        "EndTime": 1650371436609789784,
        "duration": 1046466784,
        "DDLViolated": false
      },
      {
        "JobID": "3ed06aae456a3ddadf87ffdb",
        "TaskID": "3ed06aae456a3ddadf87ffdb_TASK_0",
        "startTime": 1650371446027990840,
        "EndTime": 1650371446736220566,
        "duration": 708229726,
        "DDLViolated": false
      },
      {
        "JobID": "058a19e3095578771546d72b",
        "TaskID": "058a19e3095578771546d72b_TASK_0",
        "startTime": 1650371453110288100,
        "EndTime": 1650371454670399791,
        "duration": 1560111691,
        "DDLViolated": false
      },
      {
        "JobID": "b6bac06ff84c086206171e87",
        "TaskID": "b6bac06ff84c086206171e87_TASK_0",
        "startTime": 1650371468711405010,
        "EndTime": 1650371470195199083,
        "duration": 1483794073,
        "DDLViolated": false
      },
      {
        "JobID": "d7135d32f9e011a16ccc39ec",
        "TaskID": "d7135d32f9e011a16ccc39ec_TASK_0",
        "startTime": 1650371483549345740,
        "EndTime": 1650371484394806274,
        "duration": 845460534,
        "DDLViolated": false
      },
      {
        "JobID": "d19357ab93a751e353923655",
        "TaskID": "d19357ab93a751e353923655_TASK_0",
        "startTime": 1650371492003951080,
        "EndTime": 1650371494504942558,
        "duration": 2500991478,
        "DDLViolated": false
      }
    ],
    "inst-1-replica-1-cpusocket-0-acc-0": [
      {
        "JobID": "6103c3f5b9cba56317e22e9b",
        "TaskID": "6103c3f5b9cba56317e22e9b_TASK_0",
        "startTime": 1650371364046741100,
        "EndTime": 1650371364170069249,
        "duration": 123328149,
        "DDLViolated": false
      },
      {
        "JobID": "c0cb989683049a1f41b8d6d2",
        "TaskID": "c0cb989683049a1f41b8d6d2_TASK_0",
        "startTime": 1650371365280022590,
        "EndTime": 1650371366080416346,
        "duration": 800393756,
        "DDLViolated": false
      },
      {
        "JobID": "abcfb3bdc06c8bc16f294e31",
        "TaskID": "abcfb3bdc06c8bc16f294e31_TASK_0",
        "startTime": 1650371373283960150,
        "EndTime": 1650371376523495220,
        "duration": 3239535070,
        "DDLViolated": false
      },
      {
        "JobID": "9a4e91d99ee6c5f0df8db2da",
        "TaskID": "9a4e91d99ee6c5f0df8db2da_TASK_0",
        "startTime": 1650371405679310850,
        "EndTime": 1650371409411071125,
        "duration": 3731760275,
        "DDLViolated": false
      },
      {
        "JobID": "81749c2e708fc2cd18918846",
        "TaskID": "81749c2e708fc2cd18918846_TASK_0",
        "startTime": 1650371442996913600,
        "EndTime": 1650371444591030222,
        "duration": 1594116622,
        "DDLViolated": false
      },
      {
        "JobID": "08a810cdd7e103f5a30f72ab",
        "TaskID": "08a810cdd7e103f5a30f72ab_TASK_0",
        "startTime": 1650371458938079820,
        "EndTime": 1650371460863569697,
        "duration": 1925489877,
        "DDLViolated": false
      },
      {
        "JobID": "32a3571ab783865e2c0fe33c",
        "TaskID": "32a3571ab783865e2c0fe33c_TASK_0",
        "startTime": 1650371478192978590,
        "EndTime": 1650371479983101779,
        "duration": 1790123189,
        "DDLViolated": false
      },
      {
        "JobID": "695ff54bb17951f7a9468608",
        "TaskID": "695ff54bb17951f7a9468608_TASK_0",
        "startTime": 1650371496094210480,
        "EndTime": 1650371498002261377,
        "duration": 1908050897,
        "DDLViolated": false
      }
    ],
    "inst-1-replica-2-cpusocket-0-acc-0": [
      {
        "JobID": "d71111659c45b2132bc08797",
        "TaskID": "d71111659c45b2132bc08797_TASK_0",
        "startTime": 1650371364046741100,
        "EndTime": 1650371364168206173,
        "duration": 121465073,
        "DDLViolated": false
      },
      {
        "JobID": "aace3b456d48182eea77a570",
        "TaskID": "aace3b456d48182eea77a570_TASK_0",
        "startTime": 1650371365382856903,
        "EndTime": 1650371368038669699,
        "duration": 2655812796,
        "DDLViolated": false
      },
      {
        "JobID": "a2eb1050f6cbb6ac041a07d5",
        "TaskID": "a2eb1050f6cbb6ac041a07d5_TASK_0",
        "startTime": 1650371391940984863,
        "EndTime": 1650371394684664612,
        "duration": 2743679749,
        "DDLViolated": false
      },
      {
        "JobID": "f6304007ef3e25fc37150d2c",
        "TaskID": "f6304007ef3e25fc37150d2c_TASK_0",
        "startTime": 1650371419377782353,
        "EndTime": 1650371422305983047,
        "duration": 2928200694,
        "DDLViolated": false
      },
      {
        "JobID": "2d91199618980980723f3d89",
        "TaskID": "2d91199618980980723f3d89_TASK_0",
        "startTime": 1650371448659789293,
        "EndTime": 1650371452526038391,
        "duration": 3866249098,
        "DDLViolated": false
      },
      {
        "JobID": "8054ca5587e06275bf4e6160",
        "TaskID": "8054ca5587e06275bf4e6160_TASK_0",
        "startTime": 1650371487322280273,
        "EndTime": 1650371488286555030,
        "duration": 964274757,
        "DDLViolated": false
      },
      {
        "JobID": "dd3a0a978475dfd449bdd136",
        "TaskID": "dd3a0a978475dfd449bdd136_TASK_0",
        "startTime": 1650371496965027843,
        "EndTime": 1650371500590558977,
        "duration": 3625531134,
        "DDLViolated": false
      }
    ],
    "inst-1-replica-3-cpusocket-0-acc-0": [
      {
        "JobID": "75d4449ddbce70f3f0f6c372",
        "TaskID": "75d4449ddbce70f3f0f6c372_TASK_0",
        "startTime": 1650371364046741100,
        "EndTime": 1650371364165641802,
        "duration": 118900702,
        "DDLViolated": false
      },
      {
        "JobID": "af891555f285b94e2dcd12a0",
        "TaskID": "af891555f285b94e2dcd12a0_TASK_0",
        "startTime": 1650371365473549524,
        "EndTime": 1650371366664251709,
        "duration": 1190702185,
        "DDLViolated": false
      },
      {
        "JobID": "25eb24bd12fadeccd1880d68",
        "TaskID": "25eb24bd12fadeccd1880d68_TASK_0",
        "startTime": 1650371377380571374,
        "EndTime": 1650371381971285622,
        "duration": 4590714248,
        "DDLViolated": false
      },
      {
        "JobID": "963e14597a569879dec92537",
        "TaskID": "963e14597a569879dec92537_TASK_0",
        "startTime": 1650371423287713854,
        "EndTime": 1650371423626295036,
        "duration": 338581182,
        "DDLViolated": false
      },
      {
        "JobID": "5945a8f652a75895a9b2c98c",
        "TaskID": "5945a8f652a75895a9b2c98c_TASK_0",
        "startTime": 1650371426673525674,
        "EndTime": 1650371428391773881,
        "duration": 1718248207,
        "DDLViolated": false
      },
      {
        "JobID": "a049f5da99868e3ee3e91835",
        "TaskID": "a049f5da99868e3ee3e91835_TASK_0",
        "startTime": 1650371443856007744,
        "EndTime": 1650371446811637025,
        "duration": 2955629281,
        "DDLViolated": false
      },
      {
        "JobID": "6d942b15622d001d9edacb8e",
        "TaskID": "6d942b15622d001d9edacb8e_TASK_0",
        "startTime": 1650371473412300554,
        "EndTime": 1650371474834612322,
        "duration": 1422311768,
        "DDLViolated": false
      },
      {
        "JobID": "98708db96ca1a1575c6e788d",
        "TaskID": "98708db96ca1a1575c6e788d_TASK_0",
        "startTime": 1650371487635418234,
        "EndTime": 1650371488917553562,
        "duration": 1282135328,
        "DDLViolated": false
      },
      {
        "JobID": "7e4b45b7f77d08b193831669",
        "TaskID": "7e4b45b7f77d08b193831669_TASK_0",
        "startTime": 1650371500456771514,
        "EndTime": 1650371501926998465,
        "duration": 1470226951,
        "DDLViolated": false
      }
    ],
    "inst-2-replica-0-cpusocket-0-acc-0": [
      {
        "JobID": "83d58b667f5fe071cd2c6c43",
        "TaskID": "83d58b667f5fe071cd2c6c43_TASK_0",
        "startTime": 1650371364046741100,
        "EndTime": 1650371364933364827,
        "duration": 886623727,
        "DDLViolated": false
      },
      {
        "JobID": "273447ce5444db25dadb3e46",
        "TaskID": "273447ce5444db25dadb3e46_TASK_0",
        "startTime": 1650371372912978370,
        "EndTime": 1650371375084439620,
        "duration": 2171461250,
        "DDLViolated": false
      },
      {
        "JobID": "e77a35158cd6afad191ce35b",
        "TaskID": "e77a35158cd6afad191ce35b_TASK_0",
        "startTime": 1650371394627590870,
        "EndTime": 1650371401700821430,
        "duration": 7073230560,
        "DDLViolated": false
      },
      {
        "JobID": "c86fa3a41c9fcf9611d4f6e6",
        "TaskID": "c86fa3a41c9fcf9611d4f6e6_TASK_0",
        "startTime": 1650371465359896470,
        "EndTime": 1650371467023605777,
        "duration": 1663709307,
        "DDLViolated": false
      },
      {
        "JobID": "6ac3373981df75c945f071d8",
        "TaskID": "6ac3373981df75c945f071d8_TASK_0",
        "startTime": 1650371481996989540,
        "EndTime": 1650371484399994438,
        "duration": 2403004898,
        "DDLViolated": false
      }
    ],
    "inst-2-replica-1-cpusocket-0-acc-0": [
      {
        "JobID": "3a3eb6b50b2a77baf5636d67",
        "TaskID": "3a3eb6b50b2a77baf5636d67_TASK_0",
        "startTime": 1650371364046741100,
        "EndTime": 1650371364772084834,
        "duration": 725343734,
        "DDLViolated": false
      },
      {
        "JobID": "f92eff9824837558a972da2c",
        "TaskID": "f92eff9824837558a972da2c_TASK_0",
        "startTime": 1650371371300178440,
        "EndTime": 1650371372779700824,
        "duration": 1479522384,
        "DDLViolated": false
      },
      {
        "JobID": "6661e092f01b74b115fd4212",
        "TaskID": "6661e092f01b74b115fd4212_TASK_0",
        "startTime": 1650371386095402280,
        "EndTime": 1650371388330001224,
        "duration": 2234598944,
        "DDLViolated": false
      },
      {
        "JobID": "10ff84e15b2c42a736f4e3e5",
        "TaskID": "10ff84e15b2c42a736f4e3e5_TASK_0",
        "startTime": 1650371408441391720,
        "EndTime": 1650371413447864488,
        "duration": 5006472768,
        "DDLViolated": false
      },
      {
        "JobID": "250d4489b2b142c27cd9f723",
        "TaskID": "250d4489b2b142c27cd9f723_TASK_0",
        "startTime": 1650371458506119400,
        "EndTime": 1650371461027920423,
        "duration": 2521801023,
        "DDLViolated": false
      },
      {
        "JobID": "e6fbc0b25267595b15fd9ce0",
        "TaskID": "e6fbc0b25267595b15fd9ce0_TASK_0",
        "startTime": 1650371483724129630,
        "EndTime": 1650371485153612817,
        "duration": 1429483187,
        "DDLViolated": false
      },
      {
        "JobID": "ae8f84cd2f1c5d138981a8f9",
        "TaskID": "ae8f84cd2f1c5d138981a8f9_TASK_0",
        "startTime": 1650371498018961500,
        "EndTime": 1650371500604496760,
        "duration": 2585535260,
        "DDLViolated": false
      }
    ],
    "inst-2-replica-2-cpusocket-0-acc-0": [
      {
        "JobID": "0763f5964484b5acffb99e89",
        "TaskID": "0763f5964484b5acffb99e89_TASK_0",
        "startTime": 1650371364046741100,
        "EndTime": 1650371365005107662,
        "duration": 958366562,
        "DDLViolated": false
      },
      {
        "JobID": "af7db60c9394f83832699e5a",
        "TaskID": "af7db60c9394f83832699e5a_TASK_0",
        "startTime": 1650371373630406720,
        "EndTime": 1650371378435857482,
        "duration": 4805450762,
        "DDLViolated": false
      },
      {
        "JobID": "51d01202d231f9fae85bceab",
        "TaskID": "51d01202d231f9fae85bceab_TASK_0",
        "startTime": 1650371421684914340,
        "EndTime": 1650371429689232966,
        "duration": 8004318626,
        "DDLViolated": false
      }
    ]
  }
}