{
  "SchedulerType": "schedulerTypeEDFFast",
  "TotalRunningTime": "1209039082500",
  "TotalJobNum": 50,
  "DDLViolationJobNums": 14,
  "TotalViolationTime": 1209039082500,
  "AcceleratorUsingInfos": {
    "inst-1-replica-0-cpusocket-0-acc-0": [
      {
        "JobID": "d436f8106a02a2ddb385947d",
        "TaskID": "d436f8106a02a2ddb385947d",
        "startTime": 1650371365026206400,
        "EndTime": 1650371369960133200,
        "duration": 4933926800,
        "DDLViolated": true
      },
      {
        "JobID": "9e66e03fb57432ff484838d3",
        "TaskID": "9e66e03fb57432ff484838d3",
        "startTime": 1650371370347211900,
        "EndTime": 1650371386491960600,
        "duration": 16144748700,
        "DDLViolated": false
      },
      {
        "JobID": "27d29764ca70365e92cb1ccb",
        "TaskID": "27d29764ca70365e92cb1ccb",
        "startTime": 1650371387125741100,
        "EndTime": 1650371419325974800,
        "duration": 32200233700,
        "DDLViolated": false
      },
      {
        "JobID": "42005e84987617a523683f4c",
        "TaskID": "42005e84987617a523683f4c",
        "startTime": 1650371419935725800,
        "EndTime": 1650371441856210700,
        "duration": 21920484900,
        "DDLViolated": false
      },
      {
        "JobID": "ad0c7808ff9d0d4fdb1fabae",
        "TaskID": "ad0c7808ff9d0d4fdb1fabae",
        "startTime": 1650371442420900400,
        "EndTime": 1650371454018427500,
        "duration": 11597527100,
        "DDLViolated": false
      },
      {
        "JobID": "51afe47a8177fd7add97156f",
        "TaskID": "51afe47a8177fd7add97156f",
        "startTime": 1650371454655081500,
        "EndTime": 1650371467451263600,
        "duration": 12796182100,
        "DDLViolated": false
      },
      {
        "JobID": "3ed06aae456a3ddadf87ffdb",
        "TaskID": "3ed06aae456a3ddadf87ffdb",
        "startTime": 1650371468074321000,
        "EndTime": 1650371478022725400,
        "duration": 9948404400,
        "DDLViolated": false
      },
      {
        "JobID": "058a19e3095578771546d72b",
        "TaskID": "058a19e3095578771546d72b",
        "startTime": 1650371478299184800,
        "EndTime": 1650371496257728800,
        "duration": 17958544000,
        "DDLViolated": false
      },
      {
        "JobID": "b6bac06ff84c086206171e87",
        "TaskID": "b6bac06ff84c086206171e87",
        "startTime": 1650371496561039900,
        "EndTime": 1650371513368675400,
        "duration": 16807635500,
        "DDLViolated": false
      },
      {
        "JobID": "d7135d32f9e011a16ccc39ec",
        "TaskID": "d7135d32f9e011a16ccc39ec",
        "startTime": 1650371514216355600,
        "EndTime": 1650371524928750700,
        "duration": 10712395100,
        "DDLViolated": false
      },
      {
        "JobID": "d19357ab93a751e353923655",
        "TaskID": "d19357ab93a751e353923655",
        "startTime": 1650371525645121500,
        "EndTime": 1650371552435091700,
        "duration": 26789970200,
        "DDLViolated": false
      }
    ],
    "inst-1-replica-1-cpusocket-0-acc-0": [
      {
        "JobID": "6103c3f5b9cba56317e22e9b",
        "TaskID": "6103c3f5b9cba56317e22e9b",
        "startTime": 1650371365255908900,
        "EndTime": 1650371371687856600,
        "duration": 6431947700,
        "DDLViolated": true
      },
      {
        "JobID": "c0cb989683049a1f41b8d6d2",
        "TaskID": "c0cb989683049a1f41b8d6d2",
        "startTime": 1650371372446044000,
        "EndTime": 1650371383292508600,
        "duration": 10846464600,
        "DDLViolated": false
      },
      {
        "JobID": "abcfb3bdc06c8bc16f294e31",
        "TaskID": "abcfb3bdc06c8bc16f294e31",
        "startTime": 1650371384011593000,
        "EndTime": 1650371419219530800,
        "duration": 35207937800,
        "DDLViolated": true
      },
      {
        "JobID": "9a4e91d99ee6c5f0df8db2da",
        "TaskID": "9a4e91d99ee6c5f0df8db2da",
        "startTime": 1650371419852864300,
        "EndTime": 1650371460160888400,
        "duration": 40308024100,
        "DDLViolated": false
      },
      {
        "JobID": "81749c2e708fc2cd18918846",
        "TaskID": "81749c2e708fc2cd18918846",
        "startTime": 1650371460784222900,
        "EndTime": 1650371478962536900,
        "duration": 18178314000,
        "DDLViolated": false
      },
      {
        "JobID": "08a810cdd7e103f5a30f72ab",
        "TaskID": "08a810cdd7e103f5a30f72ab",
        "startTime": 1650371479376779300,
        "EndTime": 1650371500897969700,
        "duration": 21521190400,
        "DDLViolated": false
      },
      {
        "JobID": "32a3571ab783865e2c0fe33c",
        "TaskID": "32a3571ab783865e2c0fe33c",
        "startTime": 1650371501800294500,
        "EndTime": 1650371521703753200,
        "duration": 19903458700,
        "DDLViolated": false
      },
      {
        "JobID": "695ff54bb17951f7a9468608",
        "TaskID": "695ff54bb17951f7a9468608",
        "startTime": 1650371522553315900,
        "EndTime": 1650371544291613100,
        "duration": 21738297200,
        "DDLViolated": false
      }
    ],
    "inst-1-replica-2-cpusocket-0-acc-0": [
      {
        "JobID": "d71111659c45b2132bc08797",
        "TaskID": "d71111659c45b2132bc08797",
        "startTime": 1650371365141544200,
        "EndTime": 1650371371896579700,
        "duration": 6755035500,
        "DDLViolated": true
      },
      {
        "JobID": "aace3b456d48182eea77a570",
        "TaskID": "aace3b456d48182eea77a570",
        "startTime": 1650371372517610100,
        "EndTime": 1650371401854093100,
        "duration": 29336483000,
        "DDLViolated": true
      },
      {
        "JobID": "a2eb1050f6cbb6ac041a07d5",
        "TaskID": "a2eb1050f6cbb6ac041a07d5",
        "startTime": 1650371402559813700,
        "EndTime": 1650371431775585100,
        "duration": 29215771400,
        "DDLViolated": false
      },
      {
        "JobID": "f6304007ef3e25fc37150d2c",
        "TaskID": "f6304007ef3e25fc37150d2c",
        "startTime": 1650371432154750200,
        "EndTime": 1650371464394823300,
        "duration": 32240073100,
        "DDLViolated": false
      },
      {
        "JobID": "2d91199618980980723f3d89",
        "TaskID": "2d91199618980980723f3d89",
        "startTime": 1650371464991427100,
        "EndTime": 1650371506208612400,
        "duration": 41217185300,
        "DDLViolated": false
      },
      {
        "JobID": "8054ca5587e06275bf4e6160",
        "TaskID": "8054ca5587e06275bf4e6160",
        "startTime": 1650371507037117000,
        "EndTime": 1650371518650700900,
        "duration": 11613583900,
        "DDLViolated": false
      },
      {
        "JobID": "dd3a0a978475dfd449bdd136",
        "TaskID": "dd3a0a978475dfd449bdd136",
        "startTime": 1650371519400869900,
        "EndTime": 1650371558512203900,
        "duration": 39111334000,
        "DDLViolated": false
      }
    ],
    "inst-1-replica-3-cpusocket-0-acc-0": [
      {
        "JobID": "75d4449ddbce70f3f0f6c372",
        "TaskID": "75d4449ddbce70f3f0f6c372",
        "startTime": 1650371365222444700,
        "EndTime": 1650371373936031600,
        "duration": 8713586900,
        "DDLViolated": true
      },
      {
        "JobID": "af891555f285b94e2dcd12a0",
        "TaskID": "af891555f285b94e2dcd12a0",
        "startTime": 1650371374599497400,
        "EndTime": 1650371388494316000,
        "duration": 13894818600,
        "DDLViolated": false
      },
      {
        "JobID": "25eb24bd12fadeccd1880d68",
        "TaskID": "25eb24bd12fadeccd1880d68",
        "startTime": 1650371389231319000,
        "EndTime": 1650371437694378400,
        "duration": 48463059400,
        "DDLViolated": true
      },
      {
        "JobID": "963e14597a569879dec92537",
        "TaskID": "963e14597a569879dec92537",
        "startTime": 1650371438305857500,
        "EndTime": 1650371443800403500,
        "duration": 5494546000,
        "DDLViolated": false
      },
      {
        "JobID": "5945a8f652a75895a9b2c98c",
        "TaskID": "5945a8f652a75895a9b2c98c",
        "startTime": 1650371444520077400,
        "EndTime": 1650371464278293400,
        "duration": 19758216000,
        "DDLViolated": false
      },
      {
        "JobID": "a049f5da99868e3ee3e91835",
        "TaskID": "a049f5da99868e3ee3e91835",
        "startTime": 1650371464908760000,
        "EndTime": 1650371497154297600,
        "duration": 32245537600,
        "DDLViolated": false
      },
      {
        "JobID": "6d942b15622d001d9edacb8e",
        "TaskID": "6d942b15622d001d9edacb8e",
        "startTime": 1650371497620504400,
        "EndTime": 1650371514355086500,
        "duration": 16734582100,
        "DDLViolated": false
      },
      {
        "JobID": "98708db96ca1a1575c6e788d",
        "TaskID": "98708db96ca1a1575c6e788d",
        "startTime": 1650371515277011500,
        "EndTime": 1650371530014977400,
        "duration": 14737965900,
        "DDLViolated": false
      },
      {
        "JobID": "7e4b45b7f77d08b193831669",
        "TaskID": "7e4b45b7f77d08b193831669",
        "startTime": 1650371530755795200,
        "EndTime": 1650371548395583900,
        "duration": 17639788700,
        "DDLViolated": false
      }
    ],
    "inst-2-replica-0-cpusocket-0-acc-0": [
      {
        "JobID": "83d58b667f5fe071cd2c6c43",
        "TaskID": "83d58b667f5fe071cd2c6c43",
        "startTime": 1650371365091507200,
        "EndTime": 1650371378866601800,
        "duration": 13775094600,
        "DDLViolated": true
      },
      {
        "JobID": "273447ce5444db25dadb3e46",
        "TaskID": "273447ce5444db25dadb3e46",
        "startTime": 1650371379813516000,
        "EndTime": 1650371403850470500,
        "duration": 24036954500,
        "DDLViolated": true
      },
      {
        "JobID": "e77a35158cd6afad191ce35b",
        "TaskID": "e77a35158cd6afad191ce35b",
        "startTime": 1650371404650942300,
        "EndTime": 1650371478192129700,
        "duration": 73541187400,
        "DDLViolated": true
      },
      {
        "JobID": "c86fa3a41c9fcf9611d4f6e6",
        "TaskID": "c86fa3a41c9fcf9611d4f6e6",
        "startTime": 1650371479428614400,
        "EndTime": 1650371498812721000,
        "duration": 19384106600,
        "DDLViolated": false
      },
      {
        "JobID": "6ac3373981df75c945f071d8",
        "TaskID": "6ac3373981df75c945f071d8",
        "startTime": 1650371499676670000,
        "EndTime": 1650371525901514100,
        "duration": 26224844100,
        "DDLViolated": false
      }
    ],
    "inst-2-replica-1-cpusocket-0-acc-0": [
      {
        "JobID": "3a3eb6b50b2a77baf5636d67",
        "TaskID": "3a3eb6b50b2a77baf5636d67",
        "startTime": 1650371365292535700,
        "EndTime": 1650371377821039100,
        "duration": 12528503400,
        "DDLViolated": true
      },
      {
        "JobID": "f92eff9824837558a972da2c",
        "TaskID": "f92eff9824837558a972da2c",
        "startTime": 1650371378714021400,
        "EndTime": 1650371395657302200,
        "duration": 16943280800,
        "DDLViolated": false
      },
      {
        "JobID": "6661e092f01b74b115fd4212",
        "TaskID": "6661e092f01b74b115fd4212",
        "startTime": 1650371396414468000,
        "EndTime": 1650371421373965600,
        "duration": 24959497600,
        "DDLViolated": false
      },
      {
        "JobID": "10ff84e15b2c42a736f4e3e5",
        "TaskID": "10ff84e15b2c42a736f4e3e5",
        "startTime": 1650371421997707300,
        "EndTime": 1650371474815324200,
        "duration": 52817616900,
        "DDLViolated": true
      },
      {
        "JobID": "250d4489b2b142c27cd9f723",
        "TaskID": "250d4489b2b142c27cd9f723",
        "startTime": 1650371475203175100,
        "EndTime": 1650371503135011600,
        "duration": 27931836500,
        "DDLViolated": false
      },
      {
        "JobID": "e6fbc0b25267595b15fd9ce0",
        "TaskID": "e6fbc0b25267595b15fd9ce0",
        "startTime": 1650371503875394500,
        "EndTime": 1650371520713262200,
        "duration": 16837867700,
        "DDLViolated": false
      },
      {
        "JobID": "ae8f84cd2f1c5d138981a8f9",
        "TaskID": "ae8f84cd2f1c5d138981a8f9",
        "startTime": 1650371521468974400,
        "EndTime": 1650371549403285500,
        "duration": 27934311100,
        "DDLViolated": false
      }
    ],
    "inst-2-replica-2-cpusocket-0-acc-0": [
      {
        "JobID": "0763f5964484b5acffb99e89",
        "TaskID": "0763f5964484b5acffb99e89",
        "startTime": 1650371365175579300,
        "EndTime": 1650371379961625300,
        "duration": 14786046000,
        "DDLViolated": true
      },
      {
        "JobID": "af7db60c9394f83832699e5a",
        "TaskID": "af7db60c9394f83832699e5a",
        "startTime": 1650371380901036100,
        "EndTime": 1650371431889857800,
        "duration": 50988821700,
        "DDLViolated": true
      },
      {
        "JobID": "51d01202d231f9fae85bceab",
        "TaskID": "51d01202d231f9fae85bceab",
        "startTime": 1650371432206689400,
        "EndTime": 1650371515438548600,
        "duration": 83231859200,
        "DDLViolated": false
      }
    ]
  }
}